{"cameraMode":{"drawMode":0,"name":"Shaded","section":"Shading Mode"},"sceneLighting":false,"audioPlay":false,"sceneViewState":{"showFog":true,"showMaterialUpdate":false,"showSkybox":true,"showFlares":true,"showImageEffects":true,"showParticleSystems":true},"in2DMode":false,"pivot":{"x":-121.7198715209961,"y":-85.7550048828125,"z":27.339372634887697},"rotation":{"x":0.4709664285182953,"y":-0.4988554120063782,"z":0.37796878814697268,"w":0.6217743158340454},"size":271.0780334472656,"orthographic":false}