{"cameraMode":{"drawMode":0,"name":"Shaded","section":"Shading Mode"},"sceneLighting":false,"audioPlay":false,"sceneViewState":{"showFog":true,"showMaterialUpdate":false,"showSkybox":false,"showFlares":true,"showImageEffects":true,"showParticleSystems":true},"in2DMode":false,"pivot":{"x":0.7273383140563965,"y":2.2723212242126467,"z":1.8829147815704346},"rotation":{"x":0.06360047310590744,"y":-0.3441680669784546,"z":0.023370105773210527,"w":0.93648761510849},"size":0.3339746594429016,"orthographic":false}